Resource ARN,Resource Type,Deployment,Module,Name,Type,VPC Type,VPC_Owner_Account,aws-cdk:subnet-name,aws-cdk:subnet-type,aws-control-tower,aws:cloudformation:logical-id,aws:cloudformation:stack-id,aws:cloudformation:stack-name,aws:eks:cluster-name,codeseeder-seedkit,codeseeder-seedkit-name,createdBy,customer_function,kubernetes.io/cluster/addf-ad-labeling-int-eks-cluster-eks-cluster,kubernetes.io/cluster/addf-ad-labeling-mw-eks-cluster-eks-cluster,kubernetes.io/role/internal-elb,lambda:createdBy,orionadp:createdBy,orionadp:gitOrganisation,orionadp:gitRepositoryName,orionadp_platform_managed
arn:aws:cloudformation:eu-central-1:326605791258:stack/seedfarmer-addf-deployment-role/ac1fcb90-8319-11ee-933d-0614af76deb7,cloudformation,N/A,N/A,N/A,N/A,N/A,N/A,N/A,N/A,N/A,N/A,N/A,N/A,N/A,N/A,N/A,N/A,N/A,N/A,N/A,N/A,N/A,account-creation-actions,OrionAdpPlatform,account-creation-actions,N/A
arn:aws:cloudformation:eu-central-1:326605791258:stack/orionadp-network-vpc-awsrouted1/73576600-831a-11ee-9e6a-02349380763f,cloudformation,N/A,N/A,N/A,N/A,N/A,N/A,N/A,N/A,N/A,N/A,N/A,N/A,N/A,N/A,N/A,N/A,platform,N/A,N/A,N/A,N/A,account-creation-actions,OrionAdpPlatform,account-creation-actions,N/A
arn:aws:cloudformation:eu-central-1:326605791258:stack/adf-global-base-Int/1feb2f50-8316-11ee-88e2-0a70a470e959,cloudformation,N/A,N/A,N/A,N/A,N/A,N/A,N/A,N/A,N/A,N/A,N/A,N/A,N/A,N/A,N/A,ADF,N/A,N/A,N/A,N/A,N/A,N/A,N/A,N/A,N/A
arn:aws:cloudformation:eu-central-1:326605791258:stack/addf-managed-policy/5494d7a0-b788-11ee-adb2-06e5bd64e2f1,cloudformation,N/A,N/A,N/A,N/A,N/A,N/A,N/A,N/A,N/A,N/A,N/A,N/A,N/A,realm-cicd,N/A,N/A,N/A,N/A,N/A,N/A,N/A,N/A,N/A,N/A,N/A
arn:aws:cloudformation:eu-central-1:326605791258:stack/addf-realm-cicd-codebuild-sg-codebuild-sg-int-iam-policy/a5aa3df0-b9b9-11ee-805d-06a80d999935,cloudformation,N/A,N/A,N/A,N/A,N/A,N/A,N/A,N/A,N/A,N/A,N/A,N/A,N/A,addf-realm-cicd-codebuild-sg-codebuild-sg-int-iam-policy,N/A,N/A,N/A,N/A,N/A,N/A,N/A,N/A,N/A,N/A,N/A
arn:aws:cloudwatch:eu-central-1:326605791258:alarm:monitoring-logs-spoke-logdiscoverymonitoringlogspokeprodeucentral1subscribedlqalarmEB7C1B08-SUgLBBV34nwG,cloudwatch,N/A,N/A,N/A,N/A,N/A,N/A,N/A,N/A,N/A,N/A,N/A,N/A,N/A,N/A,N/A,N/A,N/A,N/A,N/A,N/A,N/A,N/A,N/A,N/A,N/A
arn:aws:ec2:eu-central-1:326605791258:natgateway/nat-055ed75e6f21cc87d,ec2,N/A,N/A,orionadp-network-vpc-onpremrouted1-NatGw2,N/A,N/A,N/A,N/A,N/A,N/A,orionadpnetworkvpconpremrouted1NatGw2,arn:aws:cloudformation:eu-central-1:326605791258:stack/orionadp-network-vpc-onpremrouted1/f2476e60-831a-11ee-a7ed-064d8316ca13,orionadp-network-vpc-onpremrouted1,N/A,N/A,N/A,N/A,platform,N/A,N/A,N/A,N/A,account-creation-actions,OrionAdpPlatform,account-creation-actions,N/A
arn:aws:ec2:eu-central-1:326605791258:natgateway/nat-0503640618d9f493e,ec2,N/A,N/A,orionadp-network-vpc-onpremrouted1-NatGw1,N/A,N/A,N/A,N/A,N/A,N/A,orionadpnetworkvpconpremrouted1NatGw1,arn:aws:cloudformation:eu-central-1:326605791258:stack/orionadp-network-vpc-onpremrouted1/f2476e60-831a-11ee-a7ed-064d8316ca13,orionadp-network-vpc-onpremrouted1,N/A,N/A,N/A,N/A,platform,N/A,N/A,N/A,N/A,account-creation-actions,OrionAdpPlatform,account-creation-actions,N/A
arn:aws:ec2:eu-central-1:326605791258:route-table/rtb-05ec1f1b0a5f79984,ec2,N/A,N/A,orionadp-network-vpc-awsrouted1-routable-subnets2,routable,N/A,N/A,N/A,N/A,N/A,orionadpnetworkvpcawsrouted1orionadpnetworkvpcawsrouted1routablesubnetsSubnet2RouteTableDD955B4C,arn:aws:cloudformation:eu-central-1:326605791258:stack/orionadp-network-vpc-awsrouted1/73576600-831a-11ee-9e6a-02349380763f,orionadp-network-vpc-awsrouted1,N/A,N/A,N/A,N/A,platform,N/A,N/A,N/A,N/A,account-creation-actions,OrionAdpPlatform,account-creation-actions,N/A
arn:aws:ec2:eu-central-1:326605791258:route-table/rtb-053f8756ccdbb7b2e,ec2,N/A,N/A,orionadp-network-vpc-awsrouted1-routable-subnets3,routable,N/A,N/A,N/A,N/A,N/A,orionadpnetworkvpcawsrouted1orionadpnetworkvpcawsrouted1routablesubnetsSubnet3RouteTable6F666337,arn:aws:cloudformation:eu-central-1:326605791258:stack/orionadp-network-vpc-awsrouted1/73576600-831a-11ee-9e6a-02349380763f,orionadp-network-vpc-awsrouted1,N/A,N/A,N/A,N/A,platform,N/A,N/A,N/A,N/A,account-creation-actions,OrionAdpPlatform,account-creation-actions,N/A
arn:aws:ec2:eu-central-1:326605791258:route-table/rtb-0c150a7e717ca37d5,ec2,N/A,N/A,orionadp-network-vpc-awsrouted1-routable-subnets1,routable,N/A,N/A,N/A,N/A,N/A,orionadpnetworkvpcawsrouted1orionadpnetworkvpcawsrouted1routablesubnetsSubnet1RouteTable41F0D2C1,arn:aws:cloudformation:eu-central-1:326605791258:stack/orionadp-network-vpc-awsrouted1/73576600-831a-11ee-9e6a-02349380763f,orionadp-network-vpc-awsrouted1,N/A,N/A,N/A,N/A,platform,N/A,N/A,N/A,N/A,account-creation-actions,OrionAdpPlatform,account-creation-actions,N/A
arn:aws:ec2:eu-central-1:326605791258:route-table/rtb-0d7867c42cf959733,ec2,N/A,N/A,orionadp-network-vpc-onpremrouted1-routable-subnets2,routable,N/A,N/A,N/A,N/A,N/A,orionadpnetworkvpconpremrouted1orionadpnetworkvpconpremrouted1routablesubnetsSubnet2RouteTable9E282912,arn:aws:cloudformation:eu-central-1:326605791258:stack/orionadp-network-vpc-onpremrouted1/f2476e60-831a-11ee-a7ed-064d8316ca13,orionadp-network-vpc-onpremrouted1,N/A,N/A,N/A,N/A,platform,N/A,N/A,N/A,N/A,account-creation-actions,OrionAdpPlatform,account-creation-actions,N/A
arn:aws:ec2:eu-central-1:326605791258:route-table/rtb-0302ef540b1fdebdc,ec2,N/A,N/A,orionadp-network-vpc-onpremrouted1-routable-subnets3,routable,N/A,N/A,N/A,N/A,N/A,orionadpnetworkvpconpremrouted1orionadpnetworkvpconpremrouted1routablesubnetsSubnet3RouteTableFE0520DD,arn:aws:cloudformation:eu-central-1:326605791258:stack/orionadp-network-vpc-onpremrouted1/f2476e60-831a-11ee-a7ed-064d8316ca13,orionadp-network-vpc-onpremrouted1,N/A,N/A,N/A,N/A,platform,N/A,N/A,N/A,N/A,account-creation-actions,OrionAdpPlatform,account-creation-actions,N/A
arn:aws:ec2:eu-central-1:326605791258:security-group/sg-054b15aeb93f9d46d,ec2,N/A,N/A,N/A,N/A,N/A,N/A,N/A,N/A,N/A,CodeBuildSGBA023303,arn:aws:cloudformation:eu-central-1:326605791258:stack/addf-realm-cicd-codebuild-sg-codebuild-sg-int/ef934b00-b9b9-11ee-88be-0225831fd39b,addf-realm-cicd-codebuild-sg-codebuild-sg-int,N/A,N/A,N/A,N/A,N/A,N/A,N/A,N/A,N/A,N/A,N/A,N/A,N/A
arn:aws:ec2:eu-central-1:326605791258:subnet/subnet-0fc16f276fa45685b,ec2,N/A,N/A,orionadp-network-vpc-awsrouted1-routable-subnets2,routable,N/A,N/A,orionadp-network-vpc-awsrouted1-routable-subnets,Isolated,N/A,orionadpnetworkvpcawsrouted1orionadpnetworkvpcawsrouted1routablesubnetsSubnet2Subnet05141261,arn:aws:cloudformation:eu-central-1:326605791258:stack/orionadp-network-vpc-awsrouted1/73576600-831a-11ee-9e6a-02349380763f,orionadp-network-vpc-awsrouted1,N/A,N/A,N/A,N/A,platform,N/A,N/A,N/A,N/A,account-creation-actions,OrionAdpPlatform,account-creation-actions,N/A
arn:aws:ec2:eu-central-1:326605791258:subnet/subnet-045a9b4c0c46f043a,ec2,N/A,N/A,orionadp-network-vpc-onpremrouted1-non-routable-subnets3,non-routable,N/A,N/A,N/A,Private,N/A,orionadpnetworkvpconpremrouted1nonroutable2SubnetC9F1BF30,arn:aws:cloudformation:eu-central-1:326605791258:stack/orionadp-network-vpc-onpremrouted1/f2476e60-831a-11ee-a7ed-064d8316ca13,orionadp-network-vpc-onpremrouted1,N/A,N/A,N/A,N/A,platform,N/A,N/A,N/A,N/A,account-creation-actions,OrionAdpPlatform,account-creation-actions,N/A
arn:aws:ec2:eu-central-1:326605791258:subnet/subnet-0db3cf90aa3dbb78f,ec2,N/A,N/A,orionadp-network-vpc-onpremrouted1-non-routable-subnets2,non-routable,N/A,N/A,N/A,Private,N/A,orionadpnetworkvpconpremrouted1nonroutable1SubnetCB33BB59,arn:aws:cloudformation:eu-central-1:326605791258:stack/orionadp-network-vpc-onpremrouted1/f2476e60-831a-11ee-a7ed-064d8316ca13,orionadp-network-vpc-onpremrouted1,N/A,N/A,N/A,N/A,platform,N/A,N/A,N/A,N/A,account-creation-actions,OrionAdpPlatform,account-creation-actions,N/A
arn:aws:ec2:eu-central-1:326605791258:vpc-flow-log/fl-02d984f99fbfba935,ec2,N/A,N/A,orionadp-network-vpc-awsrouted1-flow-logs,N/A,N/A,N/A,N/A,N/A,N/A,N/A,N/A,N/A,N/A,N/A,N/A,N/A,platform,N/A,N/A,N/A,N/A,account-creation-actions,OrionAdpPlatform,account-creation-actions,N/A
arn:aws:events:eu-central-1:326605791258:rule/adf-security-malware-scanner-ct-rule,events,N/A,N/A,N/A,N/A,N/A,N/A,N/A,N/A,N/A,N/A,N/A,N/A,N/A,N/A,N/A,N/A,N/A,N/A,N/A,N/A,N/A,N/A,N/A,N/A,N/A
arn:aws:events:eu-central-1:326605791258:rule/adf-security-malware-scanner-rule,events,N/A,N/A,N/A,N/A,N/A,N/A,N/A,N/A,N/A,N/A,N/A,N/A,N/A,N/A,N/A,N/A,N/A,N/A,N/A,N/A,N/A,N/A,N/A,N/A,N/A
arn:aws:kms:eu-central-1:326605791258:key/63316415-1370-41d8-bd31-ef007572decd,kms,N/A,N/A,N/A,N/A,N/A,N/A,N/A,N/A,N/A,N/A,N/A,N/A,N/A,codeseeder-addf,codeseeder-addf,N/A,N/A,N/A,N/A,N/A,N/A,N/A,N/A,N/A,N/A
arn:aws:kms:eu-central-1:326605791258:key/2ce3da5d-e245-4b88-a13e-60d481ff9e16,kms,addf-ad-labeling-mw,N/A,N/A,N/A,N/A,N/A,N/A,N/A,N/A,N/A,N/A,N/A,N/A,N/A,N/A,N/A,N/A,N/A,N/A,N/A,N/A,N/A,N/A,N/A,N/A
arn:aws:kms:eu-central-1:326605791258:key/2d2918db-704a-4bbe-90d3-61357741ccfa,kms,N/A,N/A,N/A,N/A,N/A,N/A,N/A,N/A,N/A,N/A,N/A,N/A,N/A,N/A,N/A,N/A,platform,N/A,N/A,N/A,N/A,adf,OrionAdpPlatform,security-data-events,N/A
arn:aws:lambda:eu-central-1:326605791258:function:orionadp-network-vpc-onpr-orionadpnetworkvpconprem-vmquKWjf0CAS,lambda,N/A,N/A,N/A,N/A,N/A,N/A,N/A,N/A,N/A,orionadpnetworkvpconpremrouted1associationorionadpnetworkvpconpremrouted1associationproviderframeworkonEventB52CF6D1,arn:aws:cloudformation:eu-central-1:326605791258:stack/orionadp-network-vpc-onpremrouted1/f2476e60-831a-11ee-a7ed-064d8316ca13,orionadp-network-vpc-onpremrouted1,N/A,N/A,N/A,N/A,platform,N/A,N/A,N/A,N/A,account-creation-actions,OrionAdpPlatform,account-creation-actions,N/A
arn:aws:lambda:eu-central-1:326605791258:function:adf-security-central-ec2--OrgPoliciesCRProviderfra-gWI5yu6QgM89,lambda,N/A,N/A,N/A,N/A,N/A,N/A,N/A,N/A,N/A,OrgPoliciesCRProviderframeworkonEvent537E0BDE,arn:aws:cloudformation:eu-central-1:326605791258:stack/adf-security-central-ec2-patching-realm-stack/6d9fd4d0-1128-11ef-a317-0a0589d40351,adf-security-central-ec2-patching-realm-stack,N/A,N/A,N/A,N/A,N/A,N/A,N/A,N/A,N/A,N/A,N/A,N/A,N/A
arn:aws:lambda:eu-central-1:326605791258:function:monitoring-logs-spoke-AWS679f53fac002430cb0da5b798-IfKq2raZYLEd,lambda,N/A,N/A,N/A,N/A,N/A,N/A,N/A,N/A,N/A,AWS679f53fac002430cb0da5b7982bd22872D164C4C,arn:aws:cloudformation:eu-central-1:326605791258:stack/monitoring-logs-spoke/6be9e3b0-831b-11ee-9242-025a74c864a3,monitoring-logs-spoke,N/A,N/A,N/A,N/A,platform,N/A,N/A,N/A,N/A,N/A,N/A,N/A,N/A
arn:aws:lambda:eu-central-1:326605791258:function:orionadp-network-vpc-onpr-networkonpremvpcResRuleA-zFer88UMIxup,lambda,N/A,N/A,N/A,N/A,N/A,N/A,N/A,N/A,N/A,networkonpremvpcResRuleAssocnetworkonpremvpcResRuleAssocproviderframeworkonEventD8E7ABED,arn:aws:cloudformation:eu-central-1:326605791258:stack/orionadp-network-vpc-onpremrouted1/f2476e60-831a-11ee-a7ed-064d8316ca13,orionadp-network-vpc-onpremrouted1,N/A,N/A,N/A,N/A,platform,N/A,N/A,N/A,N/A,account-creation-actions,OrionAdpPlatform,account-creation-actions,N/A
arn:aws:lambda:eu-central-1:326605791258:function:adf-data-events-on-boardi-adfs3dataeventsonboardin-t6pEkFq32ez6,lambda,N/A,N/A,N/A,N/A,N/A,N/A,N/A,N/A,N/A,adfs3dataeventsonboarding2D078062,arn:aws:cloudformation:eu-central-1:326605791258:stack/adf-data-events-on-boarding/8cd67820-831d-11ee-ac80-0a1fc76ab593,adf-data-events-on-boarding,N/A,N/A,N/A,N/A,platform,N/A,N/A,N/A,N/A,adf,OrionAdpPlatform,security-data-events,N/A
arn:aws:lambda:eu-central-1:326605791258:function:orionadp-network-vpc-onpremrouted1-association,lambda,N/A,N/A,N/A,N/A,N/A,N/A,N/A,N/A,N/A,orionadpnetworkvpconpremrouted1association63FB880C,arn:aws:cloudformation:eu-central-1:326605791258:stack/orionadp-network-vpc-onpremrouted1/f2476e60-831a-11ee-a7ed-064d8316ca13,orionadp-network-vpc-onpremrouted1,N/A,N/A,N/A,N/A,platform,N/A,N/A,N/A,N/A,account-creation-actions,OrionAdpPlatform,account-creation-actions,N/A
arn:aws:lambda:eu-central-1:326605791258:function:orionadp-network-shared-b-ResolverRuleAssociationC-U3lmNKJiZu0w,lambda,N/A,N/A,N/A,N/A,N/A,N/A,N/A,N/A,N/A,ResolverRuleAssociationCRproviderframeworkonEvent6B1FEEBA,arn:aws:cloudformation:eu-central-1:326605791258:stack/orionadp-network-shared-base-vpc-resources/2a6c6800-831a-11ee-bbbb-069fb4220557,orionadp-network-shared-base-vpc-resources,N/A,N/A,N/A,N/A,platform,N/A,N/A,N/A,N/A,account-creation-actions,OrionAdpPlatform,account-creation-actions,N/A
arn:aws:logs:eu-central-1:326605791258:log-group:/aws/lambda/aws-controltower-NotificationForwarder,logs,N/A,N/A,N/A,N/A,N/A,N/A,N/A,N/A,N/A,ForwardSnsNotificationGroup,arn:aws:cloudformation:eu-central-1:326605791258:stack/StackSet-AWSControlTowerBP-BASELINE-CLOUDWATCH-6c202e28-8445-4b29-a19c-639569c723cc/74944fa0-8316-11ee-8bd3-020da3fb637f,StackSet-AWSControlTowerBP-BASELINE-CLOUDWATCH-6c202e28-8445-4b29-a19c-639569c723cc,N/A,N/A,N/A,N/A,N/A,N/A,N/A,N/A,N/A,N/A,N/A,N/A,N/A
arn:aws:s3:::orionadp-aws-security-central-ec2-patching-prod-326605791258,s3,N/A,N/A,N/A,N/A,N/A,N/A,N/A,N/A,N/A,InstallOverrideListBucket,arn:aws:cloudformation:eu-central-1:326605791258:stack/adf-security-central-ec2-patching-realm-stack/6d9fd4d0-1128-11ef-a317-0a0589d40351,adf-security-central-ec2-patching-realm-stack,N/A,N/A,N/A,N/A,N/A,N/A,N/A,N/A,N/A,N/A,N/A,N/A,N/A
arn:aws:s3:::ad-labeling-bucket-20231215-mw-ebe9dc7d,s3,ad-labeling-mw,s3-ad-labeling-bucket,N/A,N/A,N/A,N/A,N/A,N/A,N/A,addfadlabelingmws3adlabelingbucketbucket0A19A1EE,arn:aws:cloudformation:eu-central-1:326605791258:stack/addf-ad-labeling-mw-s3-ad-labeling-bucket/059afeb0-bcf4-11ee-b229-060ebb509fcb,addf-ad-labeling-mw-s3-ad-labeling-bucket,N/A,N/A,N/A,N/A,N/A,N/A,N/A,N/A,N/A,N/A,N/A,N/A,N/A
arn:aws:s3:::cdk-hnb659fds-assets-326605791258-eu-central-1,s3,N/A,N/A,N/A,N/A,N/A,N/A,N/A,N/A,N/A,StagingBucket,arn:aws:cloudformation:eu-central-1:326605791258:stack/CDKToolkit/4c198a20-8318-11ee-a09b-0aded261b16f,CDKToolkit,N/A,N/A,N/A,N/A,N/A,N/A,N/A,N/A,N/A,N/A,N/A,N/A,N/A
arn:aws:ssm:eu-central-1:326605791258:parameter/monitoring-metrics-spoke-prod-eu-central-1-prometheus-workspace-id,ssm,N/A,N/A,N/A,N/A,N/A,N/A,N/A,N/A,N/A,prometheusparametersmonitoringmetricsspokeprodeucentral1prometheusworkspaceidE092F6A3,arn:aws:cloudformation:eu-central-1:326605791258:stack/monitoring-metrics-spoke/6ab77e30-831b-11ee-80a6-02d096ecbc3f,monitoring-metrics-spoke,N/A,N/A,N/A,N/A,platform,N/A,N/A,N/A,N/A,N/A,N/A,N/A,N/A
arn:aws:ssm:eu-central-1:326605791258:parameter/orionadp/blueprint/vpc/network-onprem-vpc/vpc-id,ssm,N/A,N/A,N/A,N/A,N/A,N/A,N/A,N/A,N/A,orionadpnetworkvpconpremrouted1vpcid,arn:aws:cloudformation:eu-central-1:326605791258:stack/orionadp-network-vpc-onpremrouted1/f2476e60-831a-11ee-a7ed-064d8316ca13,orionadp-network-vpc-onpremrouted1,N/A,N/A,N/A,N/A,platform,N/A,N/A,N/A,N/A,account-creation-actions,OrionAdpPlatform,account-creation-actions,N/A
arn:aws:ssm:eu-central-1:326605791258:parameter/monitoring-metrics-spoke-prod-eu-central-1-prometheus-central-remote-write-endpoint,ssm,N/A,N/A,N/A,N/A,N/A,N/A,N/A,N/A,N/A,prometheusparametersmonitoringmetricsspokeprodeucentral1prometheuscentralremotewriteendpoint60091BCF,arn:aws:cloudformation:eu-central-1:326605791258:stack/monitoring-metrics-spoke/6ab77e30-831b-11ee-80a6-02d096ecbc3f,monitoring-metrics-spoke,N/A,N/A,N/A,N/A,platform,N/A,N/A,N/A,N/A,N/A,N/A,N/A,N/A
arn:aws:ssm:eu-central-1:326605791258:parameter/orionadp/blueprint/dns/realm-private-hosted-zone-id,ssm,N/A,N/A,N/A,N/A,N/A,N/A,N/A,N/A,N/A,orionadpnetworkvpcawsrouted1privatehostedzoneid,arn:aws:cloudformation:eu-central-1:326605791258:stack/orionadp-network-vpc-awsrouted1/73576600-831a-11ee-9e6a-02349380763f,orionadp-network-vpc-awsrouted1,N/A,N/A,N/A,N/A,platform,N/A,N/A,N/A,N/A,account-creation-actions,OrionAdpPlatform,account-creation-actions,N/A
arn:aws:ssm:eu-central-1:326605791258:parameter/vpc_cidr_block,ssm,N/A,N/A,N/A,N/A,N/A,N/A,N/A,N/A,N/A,vpcCidrBlockSsmA6E430FF,arn:aws:cloudformation:eu-central-1:326605791258:stack/orionadp-network-vpc-onpremrouted1/f2476e60-831a-11ee-a7ed-064d8316ca13,orionadp-network-vpc-onpremrouted1,N/A,N/A,N/A,N/A,platform,N/A,N/A,N/A,N/A,account-creation-actions,OrionAdpPlatform,account-creation-actions,N/A
arn:aws:cloudformation:eu-central-1:326605791258:stack/adf-global-base-iam/5c581660-8316-11ee-944a-064c3e60e9bf,cloudformation,N/A,N/A,N/A,N/A,N/A,N/A,N/A,N/A,N/A,N/A,N/A,N/A,N/A,N/A,N/A,ADF,N/A,N/A,N/A,N/A,N/A,N/A,N/A,N/A,N/A
arn:aws:cloudformation:eu-central-1:326605791258:stack/orionadp-network-vpc-onpremrouted1/f2476e60-831a-11ee-a7ed-064d8316ca13,cloudformation,N/A,N/A,N/A,N/A,N/A,N/A,N/A,N/A,N/A,N/A,N/A,N/A,N/A,N/A,N/A,N/A,platform,N/A,N/A,N/A,N/A,account-creation-actions,OrionAdpPlatform,account-creation-actions,N/A
arn:aws:cloudformation:eu-central-1:326605791258:stack/orionadp-platform-default-aws-service-roles/aace3c70-fe77-11ee-9912-06761ed13b6f,cloudformation,N/A,N/A,N/A,N/A,N/A,N/A,N/A,N/A,N/A,N/A,N/A,N/A,N/A,N/A,N/A,N/A,N/A,N/A,N/A,N/A,N/A,account-creation-actions,OrionAdpPlatform,account-creation-actions,N/A
arn:aws:cloudformation:eu-central-1:326605791258:stack/orionadp-permission-boundary-stack/49b598e0-9052-11ee-870e-024d1116423f,cloudformation,N/A,N/A,N/A,N/A,N/A,N/A,N/A,N/A,N/A,N/A,N/A,N/A,N/A,N/A,N/A,N/A,N/A,N/A,N/A,N/A,N/A,account-creation-actions,OrionAdpPlatform,account-creation-actions,N/A
arn:aws:cloudtrail:eu-central-1:326605791258:trail/adf-data-events-trail,cloudtrail,N/A,N/A,N/A,N/A,N/A,N/A,N/A,N/A,N/A,N/A,N/A,N/A,N/A,N/A,N/A,N/A,platform,N/A,N/A,N/A,N/A,adf,OrionAdpPlatform,security-data-events,N/A
arn:aws:config:eu-central-1:326605791258:aggregation-authorization/446022434687/eu-central-1,config,N/A,N/A,N/A,N/A,N/A,N/A,N/A,N/A,managed-by-control-tower,N/A,N/A,N/A,N/A,N/A,N/A,N/A,N/A,N/A,N/A,N/A,N/A,N/A,N/A,N/A,N/A
arn:aws:ec2:eu-central-1:326605791258:natgateway/nat-08d3225cf8672de06,ec2,N/A,N/A,orionadp-network-vpc-onpremrouted1-NatGw3,N/A,N/A,N/A,N/A,N/A,N/A,orionadpnetworkvpconpremrouted1NatGw3,arn:aws:cloudformation:eu-central-1:326605791258:stack/orionadp-network-vpc-onpremrouted1/f2476e60-831a-11ee-a7ed-064d8316ca13,orionadp-network-vpc-onpremrouted1,N/A,N/A,N/A,N/A,platform,N/A,N/A,N/A,N/A,account-creation-actions,OrionAdpPlatform,account-creation-actions,N/A
arn:aws:ec2:eu-central-1:326605791258:route-table/rtb-05c1219077e2d381a,ec2,N/A,N/A,orionadp-network-vpc-onpremrouted1-non-routable-subnets2,non-routable,N/A,N/A,N/A,Private,N/A,orionadpnetworkvpconpremrouted1nonroutable1RouteTable2524B5F4,arn:aws:cloudformation:eu-central-1:326605791258:stack/orionadp-network-vpc-onpremrouted1/f2476e60-831a-11ee-a7ed-064d8316ca13,orionadp-network-vpc-onpremrouted1,N/A,N/A,N/A,N/A,platform,N/A,N/A,N/A,N/A,account-creation-actions,OrionAdpPlatform,account-creation-actions,N/A
arn:aws:ec2:eu-central-1:326605791258:route-table/rtb-00912116004d1d641,ec2,N/A,N/A,orionadp-network-vpc-onpremrouted1-non-routable-subnets3,non-routable,N/A,N/A,N/A,Private,N/A,orionadpnetworkvpconpremrouted1nonroutable2RouteTable04B9EAC4,arn:aws:cloudformation:eu-central-1:326605791258:stack/orionadp-network-vpc-onpremrouted1/f2476e60-831a-11ee-a7ed-064d8316ca13,orionadp-network-vpc-onpremrouted1,N/A,N/A,N/A,N/A,platform,N/A,N/A,N/A,N/A,account-creation-actions,OrionAdpPlatform,account-creation-actions,N/A
arn:aws:ec2:eu-central-1:326605791258:subnet/subnet-00763e4e2c5fba15a,ec2,N/A,N/A,orionadp-network-vpc-onpremrouted1-routable-subnets3,routable,N/A,N/A,orionadp-network-vpc-onpremrouted1-routable-subnets,Isolated,N/A,orionadpnetworkvpconpremrouted1orionadpnetworkvpconpremrouted1routablesubnetsSubnet3Subnet9306EA2E,arn:aws:cloudformation:eu-central-1:326605791258:stack/orionadp-network-vpc-onpremrouted1/f2476e60-831a-11ee-a7ed-064d8316ca13,orionadp-network-vpc-onpremrouted1,N/A,N/A,N/A,N/A,platform,shared,shared,1,N/A,account-creation-actions,OrionAdpPlatform,account-creation-actions,N/A
arn:aws:ec2:eu-central-1:326605791258:subnet/subnet-0b352ac3ec6c2bacf,ec2,N/A,N/A,orionadp-network-vpc-onpremrouted1-non-routable-subnets1,non-routable,N/A,N/A,N/A,Private,N/A,orionadpnetworkvpconpremrouted1nonroutable0SubnetE1A99FBA,arn:aws:cloudformation:eu-central-1:326605791258:stack/orionadp-network-vpc-onpremrouted1/f2476e60-831a-11ee-a7ed-064d8316ca13,orionadp-network-vpc-onpremrouted1,N/A,N/A,N/A,N/A,platform,N/A,N/A,N/A,N/A,account-creation-actions,OrionAdpPlatform,account-creation-actions,N/A
arn:aws:ec2:eu-central-1:326605791258:transit-gateway-attachment/tgw-attach-043a4a633f770f2fd,ec2,N/A,N/A,orionadp-network-vpc-awsrouted1-tgw-association,N/A,aws-routed-vpc,326605791258,N/A,N/A,N/A,N/A,N/A,N/A,N/A,N/A,N/A,N/A,platform,N/A,N/A,N/A,N/A,account-creation-actions,OrionAdpPlatform,account-creation-actions,N/A
arn:aws:ec2:eu-central-1:326605791258:vpc/vpc-001f26108a65ed964,ec2,N/A,N/A,orionadp-network-vpc-onpremrouted1,N/A,N/A,N/A,N/A,N/A,N/A,orionadpnetworkvpconpremrouted129A7AABF,arn:aws:cloudformation:eu-central-1:326605791258:stack/orionadp-network-vpc-onpremrouted1/f2476e60-831a-11ee-a7ed-064d8316ca13,orionadp-network-vpc-onpremrouted1,N/A,N/A,N/A,N/A,platform,N/A,N/A,N/A,N/A,account-creation-actions,OrionAdpPlatform,account-creation-actions,N/A
arn:aws:events:eu-central-1:326605791258:rule/AutoScalingManagedRule,events,N/A,N/A,N/A,N/A,N/A,N/A,N/A,N/A,N/A,N/A,N/A,N/A,N/A,N/A,N/A,N/A,N/A,N/A,N/A,N/A,N/A,N/A,N/A,N/A,N/A
arn:aws:events:eu-central-1:326605791258:rule/resolveInspectorFindingsWithNoReboot,events,N/A,N/A,N/A,N/A,N/A,N/A,N/A,N/A,N/A,N/A,N/A,N/A,N/A,N/A,N/A,N/A,N/A,N/A,N/A,N/A,N/A,N/A,N/A,N/A,N/A
arn:aws:events:eu-central-1:326605791258:rule/monitoring-logs-spoke-logdiscoverymonitoringlogspok-U9r5xb284wXo,events,N/A,N/A,N/A,N/A,N/A,N/A,N/A,N/A,N/A,N/A,N/A,N/A,N/A,N/A,N/A,N/A,N/A,N/A,N/A,N/A,N/A,N/A,N/A,N/A,N/A
arn:aws:events:eu-central-1:326605791258:rule/resolveInspectorFindingsWithReboot,events,N/A,N/A,N/A,N/A,N/A,N/A,N/A,N/A,N/A,N/A,N/A,N/A,N/A,N/A,N/A,N/A,N/A,N/A,N/A,N/A,N/A,N/A,N/A,N/A,N/A
arn:aws:events:eu-central-1:326605791258:rule/DO-NOT-DELETE-AmazonInspectorLambdaManagedRule,events,N/A,N/A,N/A,N/A,N/A,N/A,N/A,N/A,N/A,N/A,N/A,N/A,N/A,N/A,N/A,N/A,N/A,N/A,N/A,N/A,N/A,N/A,N/A,N/A,N/A
arn:aws:events:eu-central-1:326605791258:rule/adf-s3-data-event,events,N/A,N/A,N/A,N/A,N/A,N/A,N/A,N/A,N/A,N/A,N/A,N/A,N/A,N/A,N/A,N/A,N/A,N/A,N/A,N/A,N/A,N/A,N/A,N/A,N/A
arn:aws:lambda:eu-central-1:326605791258:function:network-onprem-vpc-ResRuleAssoc-ResolverRuleAssociation,lambda,N/A,N/A,N/A,N/A,N/A,N/A,N/A,N/A,N/A,networkonpremvpcResRuleAssocnetworkonpremvpcResRuleAssoclambdaB13868EA,arn:aws:cloudformation:eu-central-1:326605791258:stack/orionadp-network-vpc-onpremrouted1/f2476e60-831a-11ee-a7ed-064d8316ca13,orionadp-network-vpc-onpremrouted1,N/A,N/A,N/A,N/A,platform,N/A,N/A,N/A,N/A,account-creation-actions,OrionAdpPlatform,account-creation-actions,N/A
arn:aws:lambda:eu-central-1:326605791258:function:orionadp-network-vpc-awsrouted1-association,lambda,N/A,N/A,N/A,N/A,N/A,N/A,N/A,N/A,N/A,orionadpnetworkvpcawsrouted1association7703FF84,arn:aws:cloudformation:eu-central-1:326605791258:stack/orionadp-network-vpc-awsrouted1/73576600-831a-11ee-9e6a-02349380763f,orionadp-network-vpc-awsrouted1,N/A,N/A,N/A,N/A,platform,N/A,N/A,N/A,N/A,account-creation-actions,OrionAdpPlatform,account-creation-actions,N/A
arn:aws:lambda:eu-central-1:326605791258:function:monitoring-logs-spoke-logdiscoverymonitoringlogspo-St2njul2NNCE,lambda,N/A,N/A,N/A,N/A,N/A,N/A,N/A,N/A,N/A,logdiscoverymonitoringlogspokeprodeucentral1lgsubscriberrefreshlambdaC6794476,arn:aws:cloudformation:eu-central-1:326605791258:stack/monitoring-logs-spoke/6be9e3b0-831b-11ee-9242-025a74c864a3,monitoring-logs-spoke,N/A,N/A,N/A,N/A,platform,N/A,N/A,N/A,N/A,N/A,N/A,N/A,N/A
arn:aws:lambda:eu-central-1:326605791258:function:orionadp-network-vpc-awsr-networkawsroutedvpcResRu-t1brCUffG0Ny,lambda,N/A,N/A,N/A,N/A,N/A,N/A,N/A,N/A,N/A,networkawsroutedvpcResRuleAssocnetworkawsroutedvpcResRuleAssocproviderframeworkonEventF831D0ED,arn:aws:cloudformation:eu-central-1:326605791258:stack/orionadp-network-vpc-awsrouted1/73576600-831a-11ee-9e6a-02349380763f,orionadp-network-vpc-awsrouted1,N/A,N/A,N/A,N/A,platform,N/A,N/A,N/A,N/A,account-creation-actions,OrionAdpPlatform,account-creation-actions,N/A
arn:aws:logs:eu-central-1:326605791258:log-group:orionadp-network-vpc-onpremrouted1-orionadpnetworkvpconpremrouted1orionadpnetworkvpconpremrouted1flowlogsloggroup787DFB64-8zKGGRCEtE3v,logs,N/A,N/A,N/A,N/A,N/A,N/A,N/A,N/A,N/A,orionadpnetworkvpconpremrouted1orionadpnetworkvpconpremrouted1flowlogsloggroup787DFB64,arn:aws:cloudformation:eu-central-1:326605791258:stack/orionadp-network-vpc-onpremrouted1/f2476e60-831a-11ee-a7ed-064d8316ca13,orionadp-network-vpc-onpremrouted1,N/A,N/A,N/A,N/A,platform,N/A,N/A,N/A,N/A,account-creation-actions,OrionAdpPlatform,account-creation-actions,N/A
arn:aws:s3:::adf-data-events-trail-326605791258,s3,N/A,N/A,N/A,N/A,N/A,N/A,N/A,N/A,N/A,adfs3bucket4922469A,arn:aws:cloudformation:eu-central-1:326605791258:stack/adf-data-events-bucket/f5954460-831b-11ee-a67d-0ac54e0d8271,adf-data-events-bucket,N/A,N/A,N/A,N/A,platform,N/A,N/A,N/A,N/A,adf,OrionAdpPlatform,security-data-events,N/A
arn:aws:ssm:eu-central-1:326605791258:document/orionadp-security-CreateAndAttachIAMToEc2Node,ssm,N/A,N/A,N/A,N/A,N/A,N/A,N/A,N/A,N/A,CreateAndAttachIAMToEc2InstanceDocument,arn:aws:cloudformation:eu-central-1:326605791258:stack/security-patch-manager/a6d450d0-8318-11ee-92e0-0a24451cee79,security-patch-manager,N/A,N/A,N/A,N/A,N/A,N/A,N/A,N/A,N/A,N/A,N/A,N/A,N/A
arn:aws:ssm:eu-central-1:326605791258:parameter/orionadp/blueprint/dns/realm-private-hosted-zone-name,ssm,N/A,N/A,N/A,N/A,N/A,N/A,N/A,N/A,N/A,orionadpnetworkvpcawsrouted1privatehostedzonename,arn:aws:cloudformation:eu-central-1:326605791258:stack/orionadp-network-vpc-awsrouted1/73576600-831a-11ee-9e6a-02349380763f,orionadp-network-vpc-awsrouted1,N/A,N/A,N/A,N/A,platform,N/A,N/A,N/A,N/A,account-creation-actions,OrionAdpPlatform,account-creation-actions,N/A
arn:aws:ssm:eu-central-1:326605791258:parameter/orionadp/blueprint/vpc/network-onprem-vpc/non-routable-private-subnets,ssm,N/A,N/A,N/A,N/A,N/A,N/A,N/A,N/A,N/A,orionadpnetworkvpconpremrouted1nonroutablesubnetidlist,arn:aws:cloudformation:eu-central-1:326605791258:stack/orionadp-network-vpc-onpremrouted1/f2476e60-831a-11ee-a7ed-064d8316ca13,orionadp-network-vpc-onpremrouted1,N/A,N/A,N/A,N/A,platform,N/A,N/A,N/A,N/A,account-creation-actions,OrionAdpPlatform,account-creation-actions,N/A
arn:aws:cloudformation:eu-central-1:326605791258:stack/aws-codeseeder-addf/bb91da30-b787-11ee-9ee3-0a490793435f,cloudformation,N/A,N/A,N/A,N/A,N/A,N/A,N/A,N/A,N/A,N/A,N/A,N/A,N/A,codeseeder-addf,N/A,N/A,N/A,N/A,N/A,N/A,N/A,N/A,N/A,N/A,N/A
arn:aws:cloudformation:eu-central-1:326605791258:stack/orionadp-platform-qcc-runner-roles/28c8f340-0887-11ef-8070-0a4eb1ba4d61,cloudformation,N/A,N/A,N/A,N/A,N/A,N/A,N/A,N/A,N/A,N/A,N/A,N/A,N/A,N/A,N/A,N/A,N/A,N/A,N/A,N/A,N/A,account-creation-actions,OrionAdpPlatform,account-creation-actions,N/A
arn:aws:cloudformation:eu-central-1:326605791258:stack/orionadp-network-shared-base-vpc-resources/2a6c6800-831a-11ee-bbbb-069fb4220557,cloudformation,N/A,N/A,N/A,N/A,N/A,N/A,N/A,N/A,N/A,N/A,N/A,N/A,N/A,N/A,N/A,N/A,platform,N/A,N/A,N/A,N/A,account-creation-actions,OrionAdpPlatform,account-creation-actions,N/A
arn:aws:codebuild:eu-central-1:326605791258:project/codeseeder-addf,codebuild,N/A,N/A,N/A,N/A,N/A,N/A,N/A,N/A,N/A,CodeBuildProject,arn:aws:cloudformation:eu-central-1:326605791258:stack/aws-codeseeder-addf/bb91da30-b787-11ee-9ee3-0a490793435f,aws-codeseeder-addf,N/A,codeseeder-addf,codeseeder-addf,N/A,N/A,N/A,N/A,N/A,N/A,N/A,N/A,N/A,N/A
arn:aws:ec2:eu-central-1:326605791258:security-group/sg-0ae7751ba8147fbc9,ec2,N/A,N/A,N/A,N/A,N/A,N/A,N/A,N/A,N/A,N/A,N/A,N/A,N/A,N/A,N/A,N/A,N/A,N/A,N/A,N/A,N/A,N/A,N/A,N/A,security_protected
arn:aws:ec2:eu-central-1:326605791258:security-group/sg-0a26fe383278743db,ec2,N/A,N/A,N/A,N/A,N/A,N/A,N/A,N/A,N/A,N/A,N/A,N/A,N/A,N/A,N/A,N/A,N/A,N/A,N/A,N/A,N/A,N/A,N/A,N/A,security_protected
arn:aws:ec2:eu-central-1:326605791258:subnet/subnet-0fc7df3ffac9b63e2,ec2,N/A,N/A,orionadp-network-vpc-awsrouted1-routable-subnets1,routable,N/A,N/A,orionadp-network-vpc-awsrouted1-routable-subnets,Isolated,N/A,orionadpnetworkvpcawsrouted1orionadpnetworkvpcawsrouted1routablesubnetsSubnet1Subnet5BC7EF10,arn:aws:cloudformation:eu-central-1:326605791258:stack/orionadp-network-vpc-awsrouted1/73576600-831a-11ee-9e6a-02349380763f,orionadp-network-vpc-awsrouted1,N/A,N/A,N/A,N/A,platform,N/A,N/A,N/A,N/A,account-creation-actions,OrionAdpPlatform,account-creation-actions,N/A
arn:aws:events:eu-central-1:326605791258:rule/DO-NOT-DELETE-AmazonInspectorLambdaTagManagedRule,events,N/A,N/A,N/A,N/A,N/A,N/A,N/A,N/A,N/A,N/A,N/A,N/A,N/A,N/A,N/A,N/A,N/A,N/A,N/A,N/A,N/A,N/A,N/A,N/A,N/A
arn:aws:events:eu-central-1:326605791258:rule/DO-NOT-DELETE-AmazonInspectorEc2TagManagedRule,events,N/A,N/A,N/A,N/A,N/A,N/A,N/A,N/A,N/A,N/A,N/A,N/A,N/A,N/A,N/A,N/A,N/A,N/A,N/A,N/A,N/A,N/A,N/A,N/A,N/A
arn:aws:lambda:eu-central-1:326605791258:function:aws-controltower-NotificationForwarder,lambda,N/A,N/A,N/A,N/A,N/A,N/A,N/A,N/A,N/A,ForwardSnsNotification,arn:aws:cloudformation:eu-central-1:326605791258:stack/StackSet-AWSControlTowerBP-BASELINE-CLOUDWATCH-6c202e28-8445-4b29-a19c-639569c723cc/74944fa0-8316-11ee-8bd3-020da3fb637f,StackSet-AWSControlTowerBP-BASELINE-CLOUDWATCH-6c202e28-8445-4b29-a19c-639569c723cc,N/A,N/A,N/A,N/A,N/A,N/A,N/A,N/A,N/A,N/A,N/A,N/A,N/A
arn:aws:lambda:eu-central-1:326605791258:function:orionadp-network-shared-b-CertificateRequestCRCert-4s3A9fmyiIgE,lambda,N/A,N/A,N/A,N/A,N/A,N/A,N/A,N/A,N/A,CertificateRequestCRCertificateRequestCRproviderframeworkonEvent14105431,arn:aws:cloudformation:eu-central-1:326605791258:stack/orionadp-network-shared-base-vpc-resources/2a6c6800-831a-11ee-bbbb-069fb4220557,orionadp-network-shared-base-vpc-resources,N/A,N/A,N/A,N/A,platform,N/A,N/A,N/A,N/A,account-creation-actions,OrionAdpPlatform,account-creation-actions,N/A
arn:aws:lambda:eu-central-1:326605791258:function:orionadp-network-shared-b-mangedPrefixListSSMCRman-IrjFrZbNvIak,lambda,N/A,N/A,N/A,N/A,N/A,N/A,N/A,N/A,N/A,mangedPrefixListSSMCRmangedPrefixListSSMCRproviderframeworkonEventA75C345C,arn:aws:cloudformation:eu-central-1:326605791258:stack/orionadp-network-shared-base-vpc-resources/2a6c6800-831a-11ee-bbbb-069fb4220557,orionadp-network-shared-base-vpc-resources,N/A,N/A,N/A,N/A,platform,N/A,N/A,N/A,N/A,account-creation-actions,OrionAdpPlatform,account-creation-actions,N/A
arn:aws:lambda:eu-central-1:326605791258:function:bootstrap-acm-privatedns-cert-request,lambda,N/A,N/A,N/A,N/A,N/A,N/A,N/A,N/A,N/A,CertificateRequestCRbootstrapacmprivatednscertrequest11BB8819,arn:aws:cloudformation:eu-central-1:326605791258:stack/orionadp-network-shared-base-vpc-resources/2a6c6800-831a-11ee-bbbb-069fb4220557,orionadp-network-shared-base-vpc-resources,N/A,N/A,N/A,N/A,platform,N/A,N/A,N/A,N/A,account-creation-actions,OrionAdpPlatform,account-creation-actions,N/A
arn:aws:lambda:eu-central-1:326605791258:function:managed-prefix-list-ssm-creation-lambda,lambda,N/A,N/A,N/A,N/A,N/A,N/A,N/A,N/A,N/A,mangedPrefixListSSMCRmanagedprefixlistssmcreationlambda043F3E56,arn:aws:cloudformation:eu-central-1:326605791258:stack/orionadp-network-shared-base-vpc-resources/2a6c6800-831a-11ee-bbbb-069fb4220557,orionadp-network-shared-base-vpc-resources,N/A,N/A,N/A,N/A,platform,N/A,N/A,N/A,N/A,account-creation-actions,OrionAdpPlatform,account-creation-actions,N/A
arn:aws:lambda:eu-central-1:326605791258:function:orionadp-network-vpc-awsr-AWS679f53fac002430cb0da5-r2DIzgBDS0Bu,lambda,N/A,N/A,N/A,N/A,N/A,N/A,N/A,N/A,N/A,AWS679f53fac002430cb0da5b7982bd22872D164C4C,arn:aws:cloudformation:eu-central-1:326605791258:stack/orionadp-network-vpc-awsrouted1/73576600-831a-11ee-9e6a-02349380763f,orionadp-network-vpc-awsrouted1,N/A,N/A,N/A,N/A,platform,N/A,N/A,N/A,N/A,account-creation-actions,OrionAdpPlatform,account-creation-actions,N/A
arn:aws:lambda:eu-central-1:326605791258:function:monitoring-logs-spoke-LogRetentionaae0aa3c5b4d4f87-hyAJuuhVNht6,lambda,N/A,N/A,N/A,N/A,N/A,N/A,N/A,N/A,N/A,LogRetentionaae0aa3c5b4d4f87b02d85b201efdd8aFD4BFC8A,arn:aws:cloudformation:eu-central-1:326605791258:stack/monitoring-logs-spoke/6be9e3b0-831b-11ee-9242-025a74c864a3,monitoring-logs-spoke,N/A,N/A,N/A,N/A,platform,N/A,N/A,N/A,N/A,N/A,N/A,N/A,N/A
arn:aws:lambda:eu-central-1:326605791258:function:adf-security-central-ec2--createshcustomactions314-GQ0522zgW54O,lambda,N/A,N/A,N/A,N/A,N/A,N/A,N/A,N/A,N/A,createshcustomactions31427C38,arn:aws:cloudformation:eu-central-1:326605791258:stack/adf-security-central-ec2-patching-realm-stack/6d9fd4d0-1128-11ef-a317-0a0589d40351,adf-security-central-ec2-patching-realm-stack,N/A,N/A,N/A,N/A,N/A,N/A,N/A,N/A,N/A,N/A,N/A,N/A,N/A
arn:aws:lambda:eu-central-1:326605791258:function:adf-security-scanner-lambda,lambda,N/A,N/A,N/A,N/A,N/A,N/A,N/A,N/A,N/A,adfsecurityscannerlambda162C3BE0,arn:aws:cloudformation:eu-central-1:326605791258:stack/adf-malware-on-boarding/e9c2fdd0-831b-11ee-9953-0673426b2b3b,adf-malware-on-boarding,N/A,N/A,N/A,N/A,platform,N/A,N/A,N/A,N/A,adf,OrionAdpPlatform,security-malware-on-boarding,N/A
arn:aws:logs:eu-central-1:326605791258:log-group:/aws/cloudtrail/adf-data-events-trail-logs,logs,N/A,N/A,N/A,N/A,N/A,N/A,N/A,N/A,N/A,adfdataeventstraillogsE7DD32DC,arn:aws:cloudformation:eu-central-1:326605791258:stack/adf-data-events-trail/301883e0-831c-11ee-bcb8-0a012b3a1f85,adf-data-events-trail,N/A,N/A,N/A,N/A,platform,N/A,N/A,N/A,N/A,adf,OrionAdpPlatform,security-data-events,N/A
arn:aws:sns:eu-central-1:326605791258:aws-controltower-SecurityNotifications,sns,N/A,N/A,N/A,N/A,N/A,N/A,N/A,N/A,N/A,LocalSecurityTopic,arn:aws:cloudformation:eu-central-1:326605791258:stack/StackSet-AWSControlTowerBP-BASELINE-CLOUDWATCH-6c202e28-8445-4b29-a19c-639569c723cc/74944fa0-8316-11ee-8bd3-020da3fb637f,StackSet-AWSControlTowerBP-BASELINE-CLOUDWATCH-6c202e28-8445-4b29-a19c-639569c723cc,N/A,N/A,N/A,N/A,N/A,N/A,N/A,N/A,N/A,N/A,N/A,N/A,N/A
arn:aws:sqs:eu-central-1:326605791258:monitoring-log-spoke-prod-eu-central-1-subscribe-log-group-rule-dlq-queue,sqs,N/A,N/A,N/A,N/A,N/A,N/A,N/A,N/A,N/A,N/A,N/A,N/A,N/A,N/A,N/A,N/A,platform,N/A,N/A,N/A,N/A,N/A,N/A,N/A,N/A
arn:aws:ssm:eu-central-1:326605791258:document/orionadp-aws-security-central-ec2-patching-runbook-prod,ssm,N/A,N/A,N/A,N/A,N/A,N/A,N/A,N/A,N/A,AutomationRunPatchBaselineRunbook,arn:aws:cloudformation:eu-central-1:326605791258:stack/adf-security-central-ec2-patching-realm-stack/6d9fd4d0-1128-11ef-a317-0a0589d40351,adf-security-central-ec2-patching-realm-stack,N/A,N/A,N/A,N/A,N/A,N/A,N/A,N/A,N/A,N/A,N/A,N/A,N/A
arn:aws:ssm:eu-central-1:326605791258:parameter/monitoring-metrics-spoke-prod-eu-central-1-prometheus-central-role-param,ssm,N/A,N/A,N/A,N/A,N/A,N/A,N/A,N/A,N/A,prometheusparametersmonitoringmetricsspokeprodeucentral1prometheuscentralroleparam20E1F784,arn:aws:cloudformation:eu-central-1:326605791258:stack/monitoring-metrics-spoke/6ab77e30-831b-11ee-80a6-02d096ecbc3f,monitoring-metrics-spoke,N/A,N/A,N/A,N/A,platform,N/A,N/A,N/A,N/A,N/A,N/A,N/A,N/A
arn:aws:ssm:eu-central-1:326605791258:parameter/addf/codebuild/security_group,ssm,N/A,N/A,N/A,N/A,N/A,N/A,N/A,N/A,N/A,CodeBuildSGParameter7D3C8087,arn:aws:cloudformation:eu-central-1:326605791258:stack/addf-realm-cicd-codebuild-sg-codebuild-sg-int/ef934b00-b9b9-11ee-88be-0225831fd39b,addf-realm-cicd-codebuild-sg-codebuild-sg-int,N/A,N/A,N/A,N/A,N/A,N/A,N/A,N/A,N/A,N/A,N/A,N/A,N/A
arn:aws:ssm:eu-central-1:326605791258:parameter/orionadp/blueprint/vpc/network-awsrouted-vpc/private-subnets,ssm,N/A,N/A,N/A,N/A,N/A,N/A,N/A,N/A,N/A,orionadpnetworkvpcawsrouted1subnetidlist,arn:aws:cloudformation:eu-central-1:326605791258:stack/orionadp-network-vpc-awsrouted1/73576600-831a-11ee-9e6a-02349380763f,orionadp-network-vpc-awsrouted1,N/A,N/A,N/A,N/A,platform,N/A,N/A,N/A,N/A,account-creation-actions,OrionAdpPlatform,account-creation-actions,N/A
arn:aws:ssm:eu-central-1:326605791258:parameter/orionadp/monitoring/metrics/spoke/cloudwatch/link/arn,ssm,N/A,N/A,N/A,N/A,N/A,N/A,N/A,N/A,N/A,cloudwatchlinkorionadpmonitoringmetricsspokecloudwatchlinkarn5C5D677F,arn:aws:cloudformation:eu-central-1:326605791258:stack/monitoring-metrics-spoke-eu-central-1/8184be20-831b-11ee-b534-02c077530007,monitoring-metrics-spoke-eu-central-1,N/A,N/A,N/A,N/A,N/A,N/A,N/A,N/A,N/A,N/A,N/A,N/A,N/A
arn:aws:ssm:eu-central-1:326605791258:parameter/cdk-bootstrap/hnb659fds/version,ssm,N/A,N/A,N/A,N/A,N/A,N/A,N/A,N/A,N/A,CdkBootstrapVersion,arn:aws:cloudformation:eu-central-1:326605791258:stack/CDKToolkit/4c198a20-8318-11ee-a09b-0aded261b16f,CDKToolkit,N/A,N/A,N/A,N/A,N/A,N/A,N/A,N/A,N/A,N/A,N/A,N/A,N/A
arn:aws:ssm:eu-central-1:326605791258:parameter/orionadp/blueprint/vpc/network-onprem-vpc/routable-private-subnets,ssm,N/A,N/A,N/A,N/A,N/A,N/A,N/A,N/A,N/A,orionadpnetworkvpconpremrouted1routablesubnetidlist,arn:aws:cloudformation:eu-central-1:326605791258:stack/orionadp-network-vpc-onpremrouted1/f2476e60-831a-11ee-a7ed-064d8316ca13,orionadp-network-vpc-onpremrouted1,N/A,N/A,N/A,N/A,platform,N/A,N/A,N/A,N/A,account-creation-actions,OrionAdpPlatform,account-creation-actions,N/A
arn:aws:ec2:eu-central-1:326605791258:route-table/rtb-06caf313353bf0bab,ec2,N/A,N/A,orionadp-network-vpc-onpremrouted1-routable-subnets1,routable,N/A,N/A,N/A,N/A,N/A,orionadpnetworkvpconpremrouted1orionadpnetworkvpconpremrouted1routablesubnetsSubnet1RouteTableF2515D7F,arn:aws:cloudformation:eu-central-1:326605791258:stack/orionadp-network-vpc-onpremrouted1/f2476e60-831a-11ee-a7ed-064d8316ca13,orionadp-network-vpc-onpremrouted1,N/A,N/A,N/A,N/A,platform,N/A,N/A,N/A,N/A,account-creation-actions,OrionAdpPlatform,account-creation-actions,N/A
arn:aws:ec2:eu-central-1:326605791258:route-table/rtb-0429e347b4508f47e,ec2,N/A,N/A,orionadp-network-vpc-onpremrouted1-non-routable-subnets1,non-routable,N/A,N/A,N/A,Private,N/A,orionadpnetworkvpconpremrouted1nonroutable0RouteTable5957365E,arn:aws:cloudformation:eu-central-1:326605791258:stack/orionadp-network-vpc-onpremrouted1/f2476e60-831a-11ee-a7ed-064d8316ca13,orionadp-network-vpc-onpremrouted1,N/A,N/A,N/A,N/A,platform,N/A,N/A,N/A,N/A,account-creation-actions,OrionAdpPlatform,account-creation-actions,N/A
arn:aws:ec2:eu-central-1:326605791258:security-group/sg-05c45c8adb177039d,ec2,N/A,N/A,eks-cluster-sg-addf-ad-labeling-mw-eks-cluster-eks-cluster-1543078913,N/A,N/A,N/A,N/A,N/A,N/A,N/A,N/A,N/A,addf-ad-labeling-mw-eks-cluster-eks-cluster,N/A,N/A,N/A,N/A,N/A,owned,N/A,N/A,N/A,N/A,N/A,N/A
arn:aws:ec2:eu-central-1:326605791258:subnet/subnet-05365dd865cdd5135,ec2,N/A,N/A,orionadp-network-vpc-onpremrouted1-routable-subnets2,routable,N/A,N/A,orionadp-network-vpc-onpremrouted1-routable-subnets,Isolated,N/A,orionadpnetworkvpconpremrouted1orionadpnetworkvpconpremrouted1routablesubnetsSubnet2Subnet0CD1B5A9,arn:aws:cloudformation:eu-central-1:326605791258:stack/orionadp-network-vpc-onpremrouted1/f2476e60-831a-11ee-a7ed-064d8316ca13,orionadp-network-vpc-onpremrouted1,N/A,N/A,N/A,N/A,platform,shared,shared,1,N/A,account-creation-actions,OrionAdpPlatform,account-creation-actions,N/A
arn:aws:ec2:eu-central-1:326605791258:subnet/subnet-0c7ea4a1ecc24dde1,ec2,N/A,N/A,orionadp-network-vpc-onpremrouted1-routable-subnets1,routable,N/A,N/A,orionadp-network-vpc-onpremrouted1-routable-subnets,Isolated,N/A,orionadpnetworkvpconpremrouted1orionadpnetworkvpconpremrouted1routablesubnetsSubnet1SubnetEEC2D62B,arn:aws:cloudformation:eu-central-1:326605791258:stack/orionadp-network-vpc-onpremrouted1/f2476e60-831a-11ee-a7ed-064d8316ca13,orionadp-network-vpc-onpremrouted1,N/A,N/A,N/A,N/A,platform,shared,shared,1,N/A,account-creation-actions,OrionAdpPlatform,account-creation-actions,N/A
arn:aws:ec2:eu-central-1:326605791258:subnet/subnet-0b660d8987787cb51,ec2,N/A,N/A,orionadp-network-vpc-awsrouted1-routable-subnets3,routable,N/A,N/A,orionadp-network-vpc-awsrouted1-routable-subnets,Isolated,N/A,orionadpnetworkvpcawsrouted1orionadpnetworkvpcawsrouted1routablesubnetsSubnet3SubnetE2426745,arn:aws:cloudformation:eu-central-1:326605791258:stack/orionadp-network-vpc-awsrouted1/73576600-831a-11ee-9e6a-02349380763f,orionadp-network-vpc-awsrouted1,N/A,N/A,N/A,N/A,platform,N/A,N/A,N/A,N/A,account-creation-actions,OrionAdpPlatform,account-creation-actions,N/A
arn:aws:ec2:eu-central-1:326605791258:transit-gateway-attachment/tgw-attach-06883574e988e79cc,ec2,N/A,N/A,orionadp-network-vpc-onpremrouted1-tgw-association,N/A,on-prem-routed-vpc,326605791258,N/A,N/A,N/A,N/A,N/A,N/A,N/A,N/A,N/A,N/A,platform,N/A,N/A,N/A,N/A,account-creation-actions,OrionAdpPlatform,account-creation-actions,N/A
arn:aws:ec2:eu-central-1:326605791258:vpc/vpc-0459ed008a9c5de42,ec2,N/A,N/A,orionadp-network-vpc-awsrouted1,N/A,N/A,N/A,N/A,N/A,N/A,orionadpnetworkvpcawsrouted14707F018,arn:aws:cloudformation:eu-central-1:326605791258:stack/orionadp-network-vpc-awsrouted1/73576600-831a-11ee-9e6a-02349380763f,orionadp-network-vpc-awsrouted1,N/A,N/A,N/A,N/A,platform,N/A,N/A,N/A,N/A,account-creation-actions,OrionAdpPlatform,account-creation-actions,N/A
arn:aws:ec2:eu-central-1:326605791258:vpc-flow-log/fl-026a3d94580da63f8,ec2,N/A,N/A,orionadp-network-vpc-onpremrouted1-flow-logs,N/A,N/A,N/A,N/A,N/A,N/A,N/A,N/A,N/A,N/A,N/A,N/A,N/A,platform,N/A,N/A,N/A,N/A,account-creation-actions,OrionAdpPlatform,account-creation-actions,N/A
arn:aws:events:eu-central-1:326605791258:rule/DO-NOT-DELETE-AmazonInspectorEcrManagedRule,events,N/A,N/A,N/A,N/A,N/A,N/A,N/A,N/A,N/A,N/A,N/A,N/A,N/A,N/A,N/A,N/A,N/A,N/A,N/A,N/A,N/A,N/A,N/A,N/A,N/A
arn:aws:events:eu-central-1:326605791258:rule/aws-controltower-ConfigComplianceChangeEventRule,events,N/A,N/A,N/A,N/A,N/A,N/A,N/A,N/A,N/A,N/A,N/A,N/A,N/A,N/A,N/A,N/A,N/A,N/A,N/A,N/A,N/A,N/A,N/A,N/A,N/A
arn:aws:events:eu-central-1:326605791258:rule/DO-NOT-DELETE-AmazonInspectorEc2ManagedRule,events,N/A,N/A,N/A,N/A,N/A,N/A,N/A,N/A,N/A,N/A,N/A,N/A,N/A,N/A,N/A,N/A,N/A,N/A,N/A,N/A,N/A,N/A,N/A,N/A,N/A
arn:aws:events:eu-central-1:326605791258:rule/AWSControlTowerManagedRule,events,N/A,N/A,N/A,N/A,N/A,N/A,N/A,N/A,N/A,N/A,N/A,N/A,N/A,N/A,N/A,N/A,N/A,N/A,N/A,N/A,N/A,N/A,N/A,N/A,N/A
arn:aws:kms:eu-central-1:326605791258:key/19fc7e6a-1f0e-4132-aaaf-eeeeb0119666,kms,addf-ad-labeling-int,N/A,N/A,N/A,N/A,N/A,N/A,N/A,N/A,N/A,N/A,N/A,N/A,N/A,N/A,N/A,N/A,N/A,N/A,N/A,N/A,N/A,N/A,N/A,N/A
arn:aws:lambda:eu-central-1:326605791258:function:orionadp-security-SecurityHubConfigurationLambda,lambda,N/A,N/A,N/A,N/A,N/A,N/A,N/A,N/A,N/A,SecurityHubConfigurationLambda,arn:aws:cloudformation:eu-central-1:326605791258:stack/adf-security-securityhub-sync-admin/af495b40-831b-11ee-bc0d-024d1116423f,adf-security-securityhub-sync-admin,N/A,N/A,N/A,N/A,N/A,N/A,N/A,N/A,SAM,N/A,N/A,N/A,N/A
arn:aws:lambda:eu-central-1:326605791258:function:network-awsrouted-vpc-ResRuleAssoc-ResolverRuleAssociation,lambda,N/A,N/A,N/A,N/A,N/A,N/A,N/A,N/A,N/A,networkawsroutedvpcResRuleAssocnetworkawsroutedvpcResRuleAssoclambdaC66B5FD7,arn:aws:cloudformation:eu-central-1:326605791258:stack/orionadp-network-vpc-awsrouted1/73576600-831a-11ee-9e6a-02349380763f,orionadp-network-vpc-awsrouted1,N/A,N/A,N/A,N/A,platform,N/A,N/A,N/A,N/A,account-creation-actions,OrionAdpPlatform,account-creation-actions,N/A
arn:aws:lambda:eu-central-1:326605791258:function:monitoring-logs-spoke-logdiscoverymonitoringlogspo-C4941LBWdFOH,lambda,N/A,N/A,N/A,N/A,N/A,N/A,N/A,N/A,N/A,logdiscoverymonitoringlogspokeprodeucentral1loggroupsubscriberlambdaDA5346D2,arn:aws:cloudformation:eu-central-1:326605791258:stack/monitoring-logs-spoke/6be9e3b0-831b-11ee-9242-025a74c864a3,monitoring-logs-spoke,N/A,N/A,N/A,N/A,platform,N/A,N/A,N/A,N/A,N/A,N/A,N/A,N/A
arn:aws:lambda:eu-central-1:326605791258:function:orionadp-network-vpc-awsr-orionadpnetworkvpcawsrou-423xj22lnQAQ,lambda,N/A,N/A,N/A,N/A,N/A,N/A,N/A,N/A,N/A,orionadpnetworkvpcawsrouted1associationorionadpnetworkvpcawsrouted1associationproviderframeworkonEvent5DDCBA6C,arn:aws:cloudformation:eu-central-1:326605791258:stack/orionadp-network-vpc-awsrouted1/73576600-831a-11ee-9e6a-02349380763f,orionadp-network-vpc-awsrouted1,N/A,N/A,N/A,N/A,platform,N/A,N/A,N/A,N/A,account-creation-actions,OrionAdpPlatform,account-creation-actions,N/A
arn:aws:lambda:eu-central-1:326605791258:function:orionadp-network-vpc-onpr-AWS679f53fac002430cb0da5-Dgw08qxpWdDb,lambda,N/A,N/A,N/A,N/A,N/A,N/A,N/A,N/A,N/A,AWS679f53fac002430cb0da5b7982bd22872D164C4C,arn:aws:cloudformation:eu-central-1:326605791258:stack/orionadp-network-vpc-onpremrouted1/f2476e60-831a-11ee-a7ed-064d8316ca13,orionadp-network-vpc-onpremrouted1,N/A,N/A,N/A,N/A,platform,N/A,N/A,N/A,N/A,account-creation-actions,OrionAdpPlatform,account-creation-actions,N/A
arn:aws:lambda:eu-central-1:326605791258:function:ResolverRuleAssociation-CR-ResolverRuleAssociation,lambda,N/A,N/A,N/A,N/A,N/A,N/A,N/A,N/A,N/A,ResolverRuleAssociationCRResolverRuleAssociationCRlambda87F556E8,arn:aws:cloudformation:eu-central-1:326605791258:stack/orionadp-network-shared-base-vpc-resources/2a6c6800-831a-11ee-bbbb-069fb4220557,orionadp-network-shared-base-vpc-resources,N/A,N/A,N/A,N/A,platform,N/A,N/A,N/A,N/A,account-creation-actions,OrionAdpPlatform,account-creation-actions,N/A
arn:aws:logs:eu-central-1:326605791258:log-group:orionadp-network-vpc-awsrouted1-orionadpnetworkvpcawsrouted1orionadpnetworkvpcawsrouted1flowlogsloggroupF5955CA1-FSwl7Vhct76p,logs,N/A,N/A,N/A,N/A,N/A,N/A,N/A,N/A,N/A,orionadpnetworkvpcawsrouted1orionadpnetworkvpcawsrouted1flowlogsloggroupF5955CA1,arn:aws:cloudformation:eu-central-1:326605791258:stack/orionadp-network-vpc-awsrouted1/73576600-831a-11ee-9e6a-02349380763f,orionadp-network-vpc-awsrouted1,N/A,N/A,N/A,N/A,platform,N/A,N/A,N/A,N/A,account-creation-actions,OrionAdpPlatform,account-creation-actions,N/A
arn:aws:s3:::ad-labeling-bucket-int-ebe9dc7d,s3,ad-labeling-int,s3-ad-labeling-bucket,N/A,N/A,N/A,N/A,N/A,N/A,N/A,addfadlabelingints3adlabelingbucketbucketE6FE0871,arn:aws:cloudformation:eu-central-1:326605791258:stack/addf-ad-labeling-int-s3-ad-labeling-bucket/38785e10-bd06-11ee-86e9-0612960eeffd,addf-ad-labeling-int-s3-ad-labeling-bucket,N/A,N/A,N/A,N/A,N/A,N/A,N/A,N/A,N/A,N/A,N/A,N/A,N/A
arn:aws:s3:::codeseeder-addf-326605791258-fqwwrc,s3,N/A,N/A,N/A,N/A,N/A,N/A,N/A,N/A,N/A,Bucket,arn:aws:cloudformation:eu-central-1:326605791258:stack/aws-codeseeder-addf/bb91da30-b787-11ee-9ee3-0a490793435f,aws-codeseeder-addf,N/A,codeseeder-addf,codeseeder-addf,N/A,N/A,N/A,N/A,N/A,N/A,N/A,N/A,N/A,N/A
arn:aws:ssm:eu-central-1:326605791258:document/adf-security-central-ec2-patching-realm-stack-ResolveInspectorFindingsRunbook-GyOHiZkr4o2h,ssm,N/A,N/A,N/A,N/A,N/A,N/A,N/A,N/A,N/A,ResolveInspectorFindingsRunbook,arn:aws:cloudformation:eu-central-1:326605791258:stack/adf-security-central-ec2-patching-realm-stack/6d9fd4d0-1128-11ef-a317-0a0589d40351,adf-security-central-ec2-patching-realm-stack,N/A,N/A,N/A,N/A,N/A,N/A,N/A,N/A,N/A,N/A,N/A,N/A,N/A
arn:aws:ssm:eu-central-1:326605791258:parameter/orionadp/blueprint/vpc/network-awsrouted-vpc/vpc-id,ssm,N/A,N/A,N/A,N/A,N/A,N/A,N/A,N/A,N/A,orionadpnetworkvpcawsrouted1vpcid,arn:aws:cloudformation:eu-central-1:326605791258:stack/orionadp-network-vpc-awsrouted1/73576600-831a-11ee-9e6a-02349380763f,orionadp-network-vpc-awsrouted1,N/A,N/A,N/A,N/A,platform,N/A,N/A,N/A,N/A,account-creation-actions,OrionAdpPlatform,account-creation-actions,N/A
